<resources>

    <!-- Configuration-->
    <!-- Height of the category divider on the privacy preferences screen -->
    <integer name="ghostery_list_category_divider_height">1</integer>
    <!-- Height of the list-item divider on the privacy preferences screen -->
    <integer name="ghostery_list_divider_height">0</integer>

    <!-- Consent flow type: true = Explicit, false = Implied. JSON: bric -->
    <bool name="ghostery_consent_flow_type">true</bool>
    <!-- Max times to display the Implied consent flow in a 30-day period. JSON: ric_max -->
    <integer name="ghostery_implied_flow_30day_display_max">3</integer>
    <!-- Max times to display the Implied consent flow in an app session. JSON: ric_session_max -->
    <integer name="ghostery_implied_flow_session_display_max">1</integer>
    <!-- Consent flow dialog opacity (Only used on Android Honeycomb and higher. Must be an integer from 0 to 100. For a value < 100, the dialog will be full screen width.) -->
    <integer name="ghostery_consent_flow_dialog_opacity">100</integer>

    <!-- System -->
    <!-- HTTP request timeout in millis -->
    <integer name="ghostery_http_request_timeout">15000</integer>

</resources>
